'num1','operation','num2','output','flag','username','timestamp'
2312,'add',123123,'','','','2022-05-27 01:59:45.598351'
2312,'add',123123,'','','','2022-05-27 01:59:46.466460'
2312,'add',123123,'','','','2022-05-27 01:59:46.870205'
2312,'add',123123,'','','','2022-05-27 01:59:47.185606'
2312,'add',123123,'','','','2022-05-27 01:59:47.394522'
2312,'add',123123,'','','','2022-05-27 01:59:47.611740'
2312,'add',123123,'','','','2022-05-27 01:59:47.886782'
2312,'add',123123,'','','','2022-05-27 01:59:48.106226'
2312,'add',123123,'','','','2022-05-27 01:59:48.341036'
2312,'add',123123,'','','','2022-05-27 01:59:48.580208'
2312,'add',123123,'','','','2022-05-27 01:59:48.797510'
2312,'add',123123,'','','','2022-05-27 01:59:49.129061'
